{"name":"30fc698d-b2e6-4866-b3b1-d303a2437678","id":"/providers/Microsoft.Flow/flows/30fc698d-b2e6-4866-b3b1-d303a2437678","type":"Microsoft.Flow/flows","properties":{"apiId":"/providers/Microsoft.PowerApps/apis/shared_logicflows","displayName":"UserPhoto","definition":{"metadata":{"workflowEntityId":null,"flowclientsuspensionreason":"None","flowclientsuspensiontime":null,"creator":{"id":"5b33f933-90a8-4487-93dc-378cd43f8cd8","type":"User","tenantId":"95f9ff1d-1ab8-4a6c-ae41-36c3edcd3dcc"},"provisioningMethod":"FromDefinition","failureAlertSubscription":true,"clientLastModifiedTime":"2020-09-09T20:01:36.4386958Z"},"$schema":"https://schema.management.azure.com/providers/Microsoft.Logic/schemas/2016-06-01/workflowdefinition.json#","contentVersion":"1.0.0.0","parameters":{"$connections":{"defaultValue":{},"type":"Object"},"$authentication":{"defaultValue":{},"type":"SecureObject"}},"triggers":{"manual":{"type":"Request","kind":"PowerApp","inputs":{"schema":{"type":"object","properties":{"Createfile_FileName":{"type":"string","description":"Name of the file.","x-ms-powerflows-param-ispartial":false},"Createfile_FileContent":{"type":"string","format":"binary","description":"Content of the file.","x-ms-powerflows-param-ispartial":false}},"required":["Createfile_FileName","Createfile_FileContent"]}}}},"actions":{"Create_file":{"runAfter":{"Compose":["Succeeded"]},"type":"OpenApiConnection","inputs":{"host":{"apiId":"/providers/Microsoft.PowerApps/apis/shared_sharepointonline","connectionName":"shared_sharepointonline","operationId":"CreateFile"},"parameters":{"dataset":"https://iberpoint.sharepoint.com/","folderPath":"/Selfies","name":"@triggerBody()['Createfile_FileName']","body":"@outputs('Compose')"},"authentication":{"value":"@json(decodeBase64(triggerOutputs().headers['X-MS-APIM-Tokens']))['$ConnectionKey']","type":"Raw"}},"runtimeConfiguration":{"contentTransfer":{"transferMode":"Chunked"}}},"Compose":{"runAfter":{},"type":"Compose","inputs":"@dataUriToBinary(triggerBody()['Createfile_FileContent'])"},"HTTP":{"runAfter":{"Create_file":["Succeeded"]},"type":"Http","inputs":{"method":"POST","uri":"https://westeurope.api.cognitive.microsoft.com/face/v1.0/detect","headers":{"Ocp-Apim-Subscription-Key":"3bedfc9384ca49bb8a13ffebd4e9d0e0","Content-Type":"application/octet-stream"},"queries":{"returnFaceAttributes":"age,gender,emotion,smile,hair"},"body":"@outputs('Compose')"}},"Parse_JSON":{"runAfter":{"HTTP":["Succeeded"]},"type":"ParseJson","inputs":{"content":"@body('HTTP')","schema":{"type":"array","items":{"type":"object","properties":{"faceId":{"type":"string"},"faceRectangle":{"type":"object","properties":{"top":{"type":"number"},"left":{"type":"number"},"width":{"type":"number"},"height":{"type":"number"}}},"faceAttributes":{"type":"object","properties":{"smile":{"type":"number"},"gender":{"type":"string"},"age":{"type":"number"},"emotion":{"type":"object","properties":{"anger":{"type":"number"},"contempt":{"type":"number"},"disgust":{"type":"number"},"fear":{"type":"number"},"happiness":{"type":"number"},"neutral":{"type":"number"},"sadness":{"type":"number"},"surprise":{"type":"number"}}},"hair":{"type":"object","properties":{"bald":{"type":"number"},"invisible":{"type":"boolean"},"hairColor":{"type":"array","items":{"type":"object","properties":{"color":{"type":"string"},"confidence":{"type":"number"}},"required":["color","confidence"]}}}}}}},"required":["faceId","faceRectangle","faceAttributes"]}}}},"GenderVariableSetting":{"runAfter":{"Parse_JSON":["Succeeded"]},"type":"InitializeVariable","inputs":{"variables":[{"name":"GenderVar","type":"string"}]}},"Respond_to_a_PowerApp_or_flow":{"runAfter":{"Update_file_properties":["Succeeded"]},"type":"Response","kind":"PowerApp","inputs":{"statusCode":200,"body":{"gender":"@variables('GenderVar')","age":"@int(variables('AgeVar'))","anger":"@float(variables('AngerVar'))","contempt":"@float(variables('ContemptVar'))","disgust":"@float(variables('DisgustVar'))","fear":"@float(variables('FearVar'))","happiness":"@float(variables('HappinessVar'))","neutral":"@float(variables('NeutralVar'))","sadness":"@float(variables('SadnessVar'))","surprise":"@float(variables('SurpriseVar'))","status":"@variables('StatusVar')"},"schema":{"type":"object","properties":{"gender":{"title":"gender","x-ms-dynamically-added":true,"type":"string"},"age":{"title":"age","x-ms-dynamically-added":true,"type":"number"},"anger":{"title":"anger","x-ms-dynamically-added":true,"type":"number"},"contempt":{"title":"contempt","x-ms-dynamically-added":true,"type":"number"},"disgust":{"title":"disgust","x-ms-dynamically-added":true,"type":"number"},"fear":{"title":"fear","x-ms-dynamically-added":true,"type":"number"},"happiness":{"title":"happiness","x-ms-dynamically-added":true,"type":"number"},"neutral":{"title":"neutral","x-ms-dynamically-added":true,"type":"number"},"sadness":{"title":"sadness","x-ms-dynamically-added":true,"type":"number"},"surprise":{"title":"surprise","x-ms-dynamically-added":true,"type":"number"},"status":{"title":"status","x-ms-dynamically-added":true,"type":"string"}}}}},"Apply_to_each":{"foreach":"@body('Parse_JSON')","actions":{"Set_Gender":{"runAfter":{},"type":"SetVariable","inputs":{"name":"GenderVar","value":"@items('Apply_to_each')?['faceAttributes']?['gender']"}},"Set_Age":{"runAfter":{"Set_Gender":["Succeeded"]},"type":"SetVariable","inputs":{"name":"AgeVar","value":"@items('Apply_to_each')?['faceAttributes']?['age']"}},"Set_Surprise":{"runAfter":{"Set_Age":["Succeeded"]},"type":"SetVariable","inputs":{"name":"SurpriseVar","value":"@items('Apply_to_each')?['faceAttributes']?['emotion']?['surprise']"}},"Set_Sadness":{"runAfter":{"Surprise_Condition":["Succeeded"]},"type":"SetVariable","inputs":{"name":"SadnessVar","value":"@items('Apply_to_each')?['faceAttributes']?['emotion']?['sadness']"}},"Set_Neutral":{"runAfter":{"Sadness_Condition":["Succeeded"]},"type":"SetVariable","inputs":{"name":"NeutralVar","value":"@items('Apply_to_each')?['faceAttributes']?['emotion']?['neutral']"}},"Set_Happiness":{"runAfter":{"Neutral_Condition":["Succeeded"]},"type":"SetVariable","inputs":{"name":"HappinessVar","value":"@items('Apply_to_each')?['faceAttributes']?['emotion']?['happiness']"}},"Set_Fear":{"runAfter":{"Happiness_Condition":["Succeeded"]},"type":"SetVariable","inputs":{"name":"FearVar","value":"@items('Apply_to_each')?['faceAttributes']?['emotion']?['fear']"}},"Set_Disgust":{"runAfter":{"Fear_Condition":["Succeeded"]},"type":"SetVariable","inputs":{"name":"DisgustVar","value":"@items('Apply_to_each')?['faceAttributes']?['emotion']?['disgust']"}},"Set_Contempt":{"runAfter":{"Disgust_Condition":["Succeeded"]},"type":"SetVariable","inputs":{"name":"ContemptVar","value":"@items('Apply_to_each')?['faceAttributes']?['emotion']?['contempt']"}},"Set_Anger":{"runAfter":{"Contempt_Condition":["Succeeded"]},"type":"SetVariable","inputs":{"name":"AngerVar","value":"@items('Apply_to_each')?['faceAttributes']?['emotion']?['anger']"}},"Surprise_Condition":{"actions":{"Append_to_string_variable":{"runAfter":{},"type":"AppendToStringVariable","inputs":{"name":"StatusVar","value":"Şaşırmış "}}},"runAfter":{"Set_Surprise":["Succeeded"]},"expression":{"not":{"equals":["@variables('SurpriseVar')",0]}},"type":"If"},"Sadness_Condition":{"actions":{"Append_to_string_variable_3":{"runAfter":{},"type":"AppendToStringVariable","inputs":{"name":"StatusVar","value":"Hüzünlü "}}},"runAfter":{"Set_Sadness":["Succeeded"]},"expression":{"not":{"equals":["@variables('SadnessVar')",0]}},"type":"If"},"Neutral_Condition":{"actions":{"Append_to_string_variable_4":{"runAfter":{},"type":"AppendToStringVariable","inputs":{"name":"StatusVar","value":"Normal "}}},"runAfter":{"Set_Neutral":["Succeeded"]},"expression":{"not":{"equals":["@variables('NeutralVar')",0]}},"type":"If"},"Happiness_Condition":{"actions":{"Append_to_string_variable_5":{"runAfter":{},"type":"AppendToStringVariable","inputs":{"name":"StatusVar","value":"Mutlu "}}},"runAfter":{"Set_Happiness":["Succeeded"]},"expression":{"not":{"equals":["@variables('HappinessVar')",0]}},"type":"If"},"Fear_Condition":{"actions":{"Append_to_string_variable_2":{"runAfter":{},"type":"AppendToStringVariable","inputs":{"name":"StatusVar","value":"Endişeli "}}},"runAfter":{"Set_Fear":["Succeeded"]},"expression":{"not":{"equals":["@variables('FearVar')",0]}},"type":"If"},"Disgust_Condition":{"actions":{"Append_to_string_variable_6":{"runAfter":{},"type":"AppendToStringVariable","inputs":{"name":"StatusVar","value":"Bıkkın "}}},"runAfter":{"Set_Disgust":["Succeeded"]},"expression":{"not":{"equals":["@variables('DisgustVar')",0]}},"type":"If"},"Contempt_Condition":{"actions":{"Append_to_string_variable_7":{"runAfter":{},"type":"AppendToStringVariable","inputs":{"name":"StatusVar","value":"Alaycı"}}},"runAfter":{"Set_Contempt":["Succeeded"]},"expression":{"not":{"equals":["@variables('ContemptVar')",0]}},"type":"If"},"Anger_Condition":{"actions":{"Append_to_string_variable_8":{"runAfter":{},"type":"AppendToStringVariable","inputs":{"name":"StatusVar","value":"Kızgın "}}},"runAfter":{"Set_Anger":["Succeeded"]},"expression":{"not":{"equals":["@variables('AngerVar')",0]}},"type":"If"}},"runAfter":{"StatusVariableSharePointList":["Succeeded"]},"type":"Foreach","runtimeConfiguration":{"concurrency":{"repetitions":1}}},"Update_file_properties":{"runAfter":{"Apply_to_each":["Succeeded"]},"type":"OpenApiConnection","inputs":{"host":{"apiId":"/providers/Microsoft.PowerApps/apis/shared_sharepointonline","connectionName":"shared_sharepointonline","operationId":"PatchFileItem"},"parameters":{"dataset":"https://iberpoint.sharepoint.com/","table":"06ebf489-889e-456b-a974-0e711c1d71a8","id":"@outputs('Create_file')?['body/ItemId']","item/Durum":"@variables('StatusVar')","item/Yas":"@variables('AgeVar')","item/Cinsiyet":"@if(equals(variables('GenderVar'),'male'),'Erkek','Kadın')"},"authentication":{"value":"@json(decodeBase64(triggerOutputs().headers['X-MS-APIM-Tokens']))['$ConnectionKey']","type":"Raw"}}},"AgeVariableSetting":{"runAfter":{"GenderVariableSetting":["Succeeded"]},"type":"InitializeVariable","inputs":{"variables":[{"name":"AgeVar","type":"float"}]}},"AngerVariableSetting":{"runAfter":{"AgeVariableSetting":["Succeeded"]},"type":"InitializeVariable","inputs":{"variables":[{"name":"AngerVar","type":"float"}]}},"ContemptVariableSetting":{"runAfter":{"AngerVariableSetting":["Succeeded"]},"type":"InitializeVariable","inputs":{"variables":[{"name":"ContemptVar","type":"float"}]}},"DisgustVariableSetting":{"runAfter":{"ContemptVariableSetting":["Succeeded"]},"type":"InitializeVariable","inputs":{"variables":[{"name":"DisgustVar","type":"float"}]}},"FearVariableSetting":{"runAfter":{"DisgustVariableSetting":["Succeeded"]},"type":"InitializeVariable","inputs":{"variables":[{"name":"FearVar","type":"float"}]}},"HappinessVariableSetting":{"runAfter":{"FearVariableSetting":["Succeeded"]},"type":"InitializeVariable","inputs":{"variables":[{"name":"HappinessVar","type":"float"}]}},"NeutralVariableSetting":{"runAfter":{"HappinessVariableSetting":["Succeeded"]},"type":"InitializeVariable","inputs":{"variables":[{"name":"NeutralVar","type":"float"}]}},"SadnessVariableSetting":{"runAfter":{"NeutralVariableSetting":["Succeeded"]},"type":"InitializeVariable","inputs":{"variables":[{"name":"SadnessVar","type":"float"}]}},"SurpriseVariableSetting":{"runAfter":{"SadnessVariableSetting":["Succeeded"]},"type":"InitializeVariable","inputs":{"variables":[{"name":"SurpriseVar","type":"float"}]}},"StatusVariableSharePointList":{"runAfter":{"SurpriseVariableSetting":["Succeeded"]},"type":"InitializeVariable","inputs":{"variables":[{"name":"StatusVar","type":"string"}]}}}},"connectionReferences":{"shared_sharepointonline":{"connectionName":"6db930c002bf4937ac937763720cd6a0","source":"Invoker","id":"/providers/Microsoft.PowerApps/apis/shared_sharepointonline","tier":"NotSpecified"}},"flowFailureAlertSubscribed":false}}