{"schemaVersion":"1.0","appDefinitionTemplate":{"id":"/providers/Microsoft.PowerApps/apps/","type":"Microsoft.PowerApps/apps","tags":{"primaryDeviceWidth":"1366","primaryDeviceHeight":"768","sienaVersion":"20200909T201206Z-3.20084.9.0","deviceCapabilities":"webcam","supportsPortrait":"false","supportsLandscape":"true","primaryFormFactor":"Tablet","publisherVersion":"3.20084.9","minimumRequiredApiVersion":"2.2.0","hasComponent":"false","hasUnlockedComponent":"false","isUnifiedRootApp":"false"},"properties":{"appVersion":"2020-09-09T20:12:06Z","lifeCycleId":"Published","createdByClientVersion":{"major":3,"minor":20084,"build":9,"revision":0,"majorRevision":0,"minorRevision":0},"minClientVersion":{"major":3,"minor":20084,"build":9,"revision":0,"majorRevision":0,"minorRevision":0},"backgroundColor":"rgba(1, 60, 96, 1)","backgroundImageUri":"/5167117940508899795/Necc7b1a3-38ff-4395-b30e-9d3d6b3264bf-logoSmallFile","displayName":"UserAnalysis","description":"","commitMessage":"","appUris":{"documentUri":{"value":"/5167117940508899795/N915038e4-be6b-43a3-82fa-a29427b391b6-document.msapp","readonlyValue":"/5167117940508899795/N915038e4-be6b-43a3-82fa-a29427b391b6-document.msapp"},"imageUris":[]},"createdTime":"0001-01-01T00:00:00Z","lastModifiedTime":"0001-01-01T00:00:00Z","sharedGroupsCount":0,"sharedUsersCount":0,"icons":{"smallIconUri":"/5167117940508899795/N855cf166-7e3e-4df0-b9af-127914dcb06c-small.png","mediumIconUri":"/5167117940508899795/Nf2b4d30c-00a4-427e-9661-d781ce0e07ea-medium.png","largeIconUri":"/5167117940508899795/Nc42add2c-6ccc-4b78-b067-72381af604a6-large.png","wideIconUri":"/5167117940508899795/Nd329c941-4405-4ea6-918d-1c482f0bfea9-wide.png"},"connectionReferences":{"af3c157a-e034-40c1-ad28-6092839a39b2":{"id":"a86beafa-8145-4335-b2a9-2dd31482f06c","displayName":"Logic flows","iconUri":"https://resourcestackdeploy.blob.core.windows.net/scripts/13276078.png","dataSources":["UserPhoto"],"dependencies":["6b290766-30b2-4b6e-b6ae-abc158be4e32"],"dependents":[],"parameterHints":{"workflowName":{"value":"7f8d73a0-0e38-42ca-b5eb-4d7acfec6836"},"6b290766-30b2-4b6e-b6ae-abc158be4e32":{"value":"shared_sharepointonline"}},"isOnPremiseConnection":false,"bypassConsent":false,"dataSets":{},"apiTier":"Standard","isCustomApiConnection":false},"6b290766-30b2-4b6e-b6ae-abc158be4e32":{"id":"b0cfc385-1e85-4873-be02-67e0f817dce2","displayName":"SharePoint","iconUri":"https://connectoricons-prod.azureedge.net/releases/v1.0.1389/1.0.1389.2117/sharepointonline/icon.png","dataSources":[],"dependencies":[],"dependents":["af3c157a-e034-40c1-ad28-6092839a39b2"],"parameterHints":{},"isOnPremiseConnection":false,"bypassConsent":false,"dataSets":{},"apiTier":"Standard","isCustomApiConnection":false}},"databaseReferences":{},"almMode":"Environment","performanceOptimizationEnabled":true,"canConsumeAppPass":true,"executionRestrictions":{"isTeamsOnly":false,"dataLossPreventionEvaluationResult":{"status":"Compliant","lastEvaluationDate":"2020-09-08T22:24:12.1597739Z","violationDetails":[]}}},"isAppComponentLibrary":false,"appType":"ClassicCanvasApp","appComponents":[]}}